{"cameraMode":{"drawMode":0,"name":"Shaded","section":"Shading Mode"},"sceneLighting":false,"audioPlay":false,"sceneViewState":{"m_AlwaysRefresh":false,"showFog":true,"showSkybox":false,"showFlares":true,"showImageEffects":true,"showParticleSystems":true,"showVisualEffectGraphs":true,"m_FxEnabled":true},"in2DMode":false,"pivot":{"x":7.760000228881836,"y":2.990000009536743,"z":-12.760000228881836},"rotation":{"x":-0.22187092900276185,"y":-0.027206746861338617,"z":0.006193637382239103,"w":-0.9747313261032105},"size":0.8660253882408142,"orthographic":false}