{"cameraMode":{"drawMode":0,"name":"Shaded","section":"Shading Mode"},"sceneLighting":false,"audioPlay":false,"sceneViewState":{"m_AlwaysRefresh":false,"showFog":true,"showSkybox":false,"showFlares":true,"showImageEffects":true,"showParticleSystems":true,"showVisualEffectGraphs":true,"m_FxEnabled":true},"in2DMode":false,"pivot":{"x":9.54564094543457,"y":3.298633337020874,"z":-11.422786712646485},"rotation":{"x":0.06759104877710343,"y":0.07059475779533386,"z":-0.004809153266251087,"w":0.9952648282051086},"size":2.5387136936187746,"orthographic":false}