{"cameraMode":{"drawMode":0,"name":"Shaded","section":"Shading Mode"},"sceneLighting":false,"audioPlay":false,"sceneViewState":{"m_AlwaysRefresh":false,"showFog":true,"showSkybox":false,"showFlares":true,"showImageEffects":true,"showParticleSystems":true,"showVisualEffectGraphs":true,"m_FxEnabled":true},"in2DMode":false,"pivot":{"x":5.33084774017334,"y":2.5999999046325685,"z":1.7200000286102296},"rotation":{"x":0.12481848895549774,"y":-0.11909814178943634,"z":0.014887825585901738,"w":0.985172688961029},"size":1.7935092449188233,"orthographic":false}