{"cameraMode":{"drawMode":0,"name":"Shaded","section":"Shading Mode"},"sceneLighting":false,"audioPlay":false,"sceneViewState":{"m_AlwaysRefresh":false,"showFog":true,"showSkybox":false,"showFlares":true,"showImageEffects":true,"showParticleSystems":true,"showVisualEffectGraphs":true,"m_FxEnabled":true},"in2DMode":false,"pivot":{"x":20.042430877685548,"y":2.7837774753570558,"z":15.823415756225586},"rotation":{"x":-0.005540558136999607,"y":0.9521218538284302,"z":-0.012407712638378144,"w":-0.3068191707134247},"size":1.4935085773468018,"orthographic":false}