{"cameraMode":{"drawMode":0,"name":"Shaded","section":"Shading Mode"},"sceneLighting":true,"audioPlay":false,"sceneViewState":{"m_AlwaysRefresh":false,"showFog":true,"showSkybox":true,"showFlares":true,"showImageEffects":true,"showParticleSystems":true,"showVisualEffectGraphs":true,"m_FxEnabled":true},"in2DMode":false,"pivot":{"x":0.7152549028396606,"y":2.5650229454040529,"z":-17.563385009765626},"rotation":{"x":-0.11353331804275513,"y":-0.45484304428100588,"z":0.058579493314027789,"w":-0.8813897967338562},"size":7.922255992889404,"orthographic":false}