{"cameraMode":{"drawMode":0,"name":"Shaded","section":"Shading Mode"},"sceneLighting":true,"audioPlay":false,"sceneViewState":{"m_AlwaysRefresh":false,"showFog":true,"showSkybox":true,"showFlares":true,"showImageEffects":true,"showParticleSystems":true,"showVisualEffectGraphs":true,"m_FxEnabled":true},"in2DMode":false,"pivot":{"x":-2.0941152572631838,"y":6.184002876281738,"z":0.6513357162475586},"rotation":{"x":-0.21318618953227998,"y":-0.04947075620293617,"z":0.011133834719657898,"w":-0.9758308529853821},"size":102.00404357910156,"orthographic":false}