{"cameraMode":{"drawMode":0,"name":"Shaded","section":"Shading Mode"},"sceneLighting":true,"audioPlay":false,"sceneViewState":{"m_AlwaysRefresh":false,"showFog":true,"showSkybox":true,"showFlares":true,"showImageEffects":true,"showParticleSystems":true,"showVisualEffectGraphs":true,"m_FxEnabled":true},"in2DMode":false,"pivot":{"x":-56.6417236328125,"y":3.4777603149414064,"z":26.128263473510743},"rotation":{"x":-0.018657945096492769,"y":-0.6253877878189087,"z":0.014015055261552334,"w":-0.7800526022911072},"size":80.76400756835938,"orthographic":false}