{"cameraMode":{"drawMode":0,"name":"Shaded","section":"Shading Mode"},"sceneLighting":true,"audioPlay":false,"sceneViewState":{"m_AlwaysRefresh":false,"showFog":true,"showSkybox":true,"showFlares":true,"showImageEffects":true,"showParticleSystems":true,"showVisualEffectGraphs":true,"m_FxEnabled":true},"in2DMode":false,"pivot":{"x":1.0595273971557618,"y":4.786830425262451,"z":-1.402703881263733},"rotation":{"x":-0.22187092900276185,"y":-0.027206746861338617,"z":0.006193637382239103,"w":-0.9747313261032105},"size":17.421955108642579,"orthographic":false}