{"cameraMode":{"drawMode":0,"name":"Shaded","section":"Shading Mode"},"sceneLighting":true,"audioPlay":false,"sceneViewState":{"m_AlwaysRefresh":false,"showFog":true,"showSkybox":true,"showFlares":true,"showImageEffects":true,"showParticleSystems":true,"showVisualEffectGraphs":true,"m_FxEnabled":true},"in2DMode":false,"pivot":{"x":1.2896649837493897,"y":0.8251960277557373,"z":7.693059921264648},"rotation":{"x":0.2204951047897339,"y":0.28809571266174319,"z":-0.06912044435739517,"w":0.9296632409095764},"size":11.405571937561036,"orthographic":false}