{"cameraMode":{"drawMode":0,"name":"Shaded","section":"Shading Mode"},"sceneLighting":true,"audioPlay":false,"sceneViewState":{"m_AlwaysRefresh":false,"showFog":true,"showSkybox":true,"showFlares":true,"showImageEffects":true,"showParticleSystems":true,"showVisualEffectGraphs":true,"m_FxEnabled":true},"in2DMode":false,"pivot":{"x":27.799999237060548,"y":13.720000267028809,"z":27.799999237060548},"rotation":{"x":-0.3102341592311859,"y":0.09588995575904846,"z":-0.03148189187049866,"w":-0.9453338980674744},"size":11.431723594665528,"orthographic":false}