{"cameraMode":{"drawMode":0,"name":"Shaded","section":"Shading Mode"},"sceneLighting":true,"audioPlay":false,"sceneViewState":{"m_AlwaysRefresh":false,"showFog":true,"showSkybox":true,"showFlares":true,"showImageEffects":true,"showParticleSystems":true,"showVisualEffectGraphs":true,"m_FxEnabled":true},"in2DMode":false,"pivot":{"x":-0.49222490191459658,"y":-0.5795326828956604,"z":-0.7202281355857849},"rotation":{"x":-0.11058947443962097,"y":-0.6021819114685059,"z":0.07839364558458328,"w":-0.7873501777648926},"size":19.798612594604493,"orthographic":false}