{"cameraMode":{"drawMode":0,"name":"Shaded","section":"Shading Mode"},"sceneLighting":true,"audioPlay":false,"sceneViewState":{"m_AlwaysRefresh":false,"showFog":true,"showSkybox":true,"showFlares":true,"showImageEffects":true,"showParticleSystems":true,"showVisualEffectGraphs":true,"m_FxEnabled":true},"in2DMode":false,"pivot":{"x":-1.2474613189697266,"y":13.217226028442383,"z":0.6793289184570313},"rotation":{"x":0.22241060435771943,"y":-0.6908475756645203,"z":0.23659396171569825,"w":0.6464873552322388},"size":68.83900451660156,"orthographic":false}