{"cameraMode":{"drawMode":0,"name":"Shaded","section":"Shading Mode"},"sceneLighting":true,"audioPlay":false,"sceneViewState":{"m_AlwaysRefresh":false,"showFog":true,"showSkybox":true,"showFlares":true,"showImageEffects":true,"showParticleSystems":true,"showVisualEffectGraphs":true,"m_FxEnabled":true},"in2DMode":false,"pivot":{"x":0.0005284659564495087,"y":1.252971887588501,"z":0.0025621745735406877},"rotation":{"x":-0.02279277704656124,"y":-0.6586539149284363,"z":0.01997324638068676,"w":-0.7518783211708069},"size":4.289106845855713,"orthographic":false}