{"cameraMode":{"drawMode":0,"name":"Shaded","section":"Shading Mode"},"sceneLighting":false,"audioPlay":false,"sceneViewState":{"m_AlwaysRefresh":false,"showFog":true,"showSkybox":false,"showFlares":true,"showImageEffects":true,"showParticleSystems":true,"showVisualEffectGraphs":true,"m_FxEnabled":true},"in2DMode":false,"pivot":{"x":14.074995040893555,"y":25.872777938842775,"z":16.456205368041993},"rotation":{"x":0.6062564849853516,"y":0.21048445999622346,"z":-0.17083227634429933,"w":0.7477587461471558},"size":2.234113931655884,"orthographic":false}