{"cameraMode":{"drawMode":0,"name":"Shaded","section":"Shading Mode"},"sceneLighting":false,"audioPlay":false,"sceneViewState":{"m_AlwaysRefresh":false,"showFog":true,"showSkybox":false,"showFlares":true,"showImageEffects":true,"showParticleSystems":true,"showVisualEffectGraphs":true,"m_FxEnabled":true},"in2DMode":false,"pivot":{"x":-6.719861030578613,"y":3.4457154273986818,"z":3.820056200027466},"rotation":{"x":-0.1495862752199173,"y":0.04654939845204353,"z":-0.0070507158525288109,"w":-0.9876841306686401},"size":1.7660253047943116,"orthographic":false}