{"cameraMode":{"drawMode":0,"name":"Shaded","section":"Shading Mode"},"sceneLighting":false,"audioPlay":false,"sceneViewState":{"m_AlwaysRefresh":false,"showFog":true,"showSkybox":false,"showFlares":true,"showImageEffects":true,"showParticleSystems":true,"showVisualEffectGraphs":true,"m_FxEnabled":true},"in2DMode":false,"pivot":{"x":-0.7223946452140808,"y":1.9233843088150025,"z":0.9256322383880615},"rotation":{"x":-0.018907448276877404,"y":0.9776540994644165,"z":-0.08029943704605103,"w":-0.1959744393825531},"size":9.195701599121094,"orthographic":false}