{"cameraMode":{"drawMode":0,"name":"Shaded","section":"Shading Mode"},"sceneLighting":false,"audioPlay":false,"sceneViewState":{"m_AlwaysRefresh":false,"showFog":true,"showSkybox":false,"showFlares":true,"showImageEffects":true,"showParticleSystems":true,"showVisualEffectGraphs":true,"m_FxEnabled":true},"in2DMode":false,"pivot":{"x":0.20969069004058839,"y":15.730341911315918,"z":-0.6384354829788208},"rotation":{"x":0.03300477936863899,"y":0.7863333225250244,"z":0.04232078418135643,"w":-0.615592360496521},"size":0.7698509097099304,"orthographic":false}