{"cameraMode":{"drawMode":0,"name":"Shaded","section":"Shading Mode"},"sceneLighting":false,"audioPlay":false,"sceneViewState":{"m_AlwaysRefresh":false,"showFog":true,"showSkybox":false,"showFlares":true,"showImageEffects":true,"showParticleSystems":true,"showVisualEffectGraphs":true,"m_FxEnabled":true},"in2DMode":false,"pivot":{"x":0.685434103012085,"y":14.725114822387696,"z":0.33231037855148318},"rotation":{"x":0.003419123124331236,"y":-0.6592612266540527,"z":0.003399268724024296,"w":0.7521302700042725},"size":4.166025161743164,"orthographic":false}