{"cameraMode":{"drawMode":0,"name":"Shaded","section":"Shading Mode"},"sceneLighting":false,"audioPlay":false,"sceneViewState":{"m_AlwaysRefresh":false,"showFog":true,"showSkybox":false,"showFlares":true,"showImageEffects":true,"showParticleSystems":true,"showVisualEffectGraphs":true,"m_FxEnabled":true},"in2DMode":false,"pivot":{"x":0.20969069004058839,"y":15.730341911315918,"z":-0.6384354829788208},"rotation":{"x":-0.10350081324577332,"y":0.8572956323623657,"z":-0.1897115409374237,"w":-0.46743863821029665},"size":10.040270805358887,"orthographic":false}