{"cameraMode":{"drawMode":0,"name":"Shaded","section":"Shading Mode"},"sceneLighting":true,"audioPlay":false,"sceneViewState":{"m_AlwaysRefresh":false,"showFog":true,"showSkybox":true,"showFlares":true,"showImageEffects":true,"showParticleSystems":true,"showVisualEffectGraphs":true,"m_FxEnabled":true},"in2DMode":false,"pivot":{"x":3.7178149223327638,"y":3.7240281105041506,"z":-1.2872411012649537},"rotation":{"x":0.09724294394254685,"y":0.7694326639175415,"z":-0.12124363332986832,"w":0.6200597882270813},"size":5.554370880126953,"orthographic":false}