{"cameraMode":{"drawMode":0,"name":"Shaded","section":"Shading Mode"},"sceneLighting":true,"audioPlay":false,"sceneViewState":{"m_AlwaysRefresh":false,"showFog":true,"showSkybox":true,"showFlares":true,"showImageEffects":true,"showParticleSystems":true,"showVisualEffectGraphs":true,"m_FxEnabled":true},"in2DMode":false,"pivot":{"x":-0.5268101692199707,"y":1.9500210285186768,"z":-0.07593154907226563},"rotation":{"x":-0.0436968170106411,"y":-0.9269535541534424,"z":0.35554173588752749,"w":-0.11266113072633743},"size":3.177205801010132,"orthographic":false}