{"cameraMode":{"drawMode":0,"name":"Shaded","section":"Shading Mode"},"sceneLighting":false,"audioPlay":false,"sceneViewState":{"m_AlwaysRefresh":false,"showFog":true,"showSkybox":false,"showFlares":true,"showImageEffects":true,"showParticleSystems":true,"showVisualEffectGraphs":true,"m_FxEnabled":true},"in2DMode":false,"pivot":{"x":0.5291969180107117,"y":2.4153590202331545,"z":0.3537445068359375},"rotation":{"x":-0.026086291298270227,"y":0.9529159665107727,"z":-0.08447502553462982,"w":-0.291015088558197},"size":6.771628379821777,"orthographic":false}